cust_id,credit_score,credit_utilisation,outstanding_debt,credit_inquiries_last_6_months,credit_limit
1,749,0.5851705682198183,19571.0,0.0,40000.0
2,587,0.1079280869507847,161644.0,2.0,1250.0
3,544,0.8548070565373214,513.0,4.0,1000.0
4,504,0.3369377587555978,224.0,2.0,1000.0
5,708,0.5861508144678577,18090.0,2.0,40000.0
6,442,0.7054093853183323,246.0,4.0,500.0
7,747,0.5239651468723404,15544.0,4.0,40000.0
8,482,0.1217747773691156,76.0,2.0,750.0
9,537,0.4489235662658547,341.0,0.0,1000.0
10,567,0.5334023122978747,522.0,0.0,1250.0
11,679,0.5574504394556169,9187.0,2.0,
12,429,0.6276446513444089,263.0,0.0,500.0
13,476,0.8224980913390455,318.0,3.0,750.0
14,623,0.7684678726630445,1004.0,3.0,1500.0
15,640,0.3498374585380004,366.0,3.0,1500.0
16,347,0.5316604430927386,190.0,0.0,500.0
17,702,0.8944234935870203,18444.0,0.0,40000.0
18,546,0.3973314867556144,342.0,1.0,1000.0
19,447,0.7956495982637568,292.0,1.0,500.0
20,647,0.439132356701675,205014.0,3.0,1500.0
21,381,0.7147100384410582,307.0,0.0,500.0
22,785,0.8970890698698556,36083.0,3.0,60000.0
23,371,0.8867898921200735,248.0,4.0,500.0
24,489,0.8350590413789447,374.0,0.0,750.0
25,673,0.149050990395285,1626.0,4.0,20000.0
26,758,0.2508110094072592,190838.0,2.0,60000.0
27,766,0.830907615885575,31344.0,3.0,60000.0
28,729,0.1497481990850127,3453.0,2.0,40000.0
29,724,0.3061215492114371,9593.0,0.0,40000.0
30,798,0.2225968294177422,7238.0,2.0,60000.0
31,437,0.8672075759347069,226.0,3.0,500.0
32,768,0.7477929207232306,35109.0,2.0,60000.0
33,516,0.2841279150033242,253.0,0.0,1000.0
34,396,0.2578303027297995,109.0,1.0,500.0
35,414,0.8794718441952832,323.0,2.0,500.0
36,790,0.1125352309605614,4261.0,1.0,
37,417,0.5324012602969961,224.0,1.0,500.0
38,514,0.29697101820558,238.0,2.0,
39,734,0.5730233500146559,122758.0,3.0,40000.0
40,780,0.6653270440987057,24600.0,4.0,60000.0
41,741,0.3584137208737288,8206.0,4.0,40000.0
42,530,0.1657745584568242,137.0,2.0,1000.0
43,397,0.6291773707844341,282.0,1.0,500.0
44,435,0.3470836004015658,114.0,1.0,500.0
45,757,0.7243755950930489,22504.0,2.0,60000.0
46,761,0.59604058861844,24234.0,2.0,
47,604,0.146441199768176,194.0,2.0,1500.0
48,504,0.5039836976434086,426.0,0.0,1000.0
49,733,0.8005722091317826,23896.0,2.0,40000.0
50,357,0.7633775490353587,233.0,0.0,500.0
51,535,0.4832635203120451,253.0,1.0,1000.0
52,549,0.6890888696831078,423.0,3.0,1000.0
53,761,0.6641700603820173,20543.0,2.0,60000.0
54,613,0.6392172221955718,720.0,2.0,1500.0
55,630,0.8410853604710052,688.0,2.0,1500.0
56,429,0.1983740135138688,74.0,3.0,500.0
57,612,0.654142165635435,536.0,3.0,1500.0
58,481,0.3189937229431948,144.0,0.0,750.0
59,539,0.2124372982378056,184.0,0.0,1000.0
60,438,0.4291778526517542,146.0,1.0,500.0
61,793,0.1947085021511352,7333.0,0.0,60000.0
62,356,0.4974139948312017,185.0,1.0,500.0
63,344,0.4445940535394771,182.0,2.0,500.0
64,559,0.7562323543156535,688.0,4.0,1250.0
65,734,0.4737149828191633,13631.0,0.0,
66,334,0.7472724692618871,286.0,4.0,500.0
67,429,0.2296381508084006,69.0,4.0,500.0
68,388,0.1383048460683479,59.0,2.0,500.0
69,611,0.6804481036426474,721.0,2.0,1500.0
70,518,0.506121977528206,435.0,0.0,1000.0
71,303,0.4368637892966701,184.0,3.0,500.0
72,625,0.6703707283063457,845.0,1.0,1500.0
73,323,0.8588353755787062,216.0,1.0,
74,754,0.6906553820947735,28215.0,1.0,60000.0
75,592,0.6274419185578048,689.0,3.0,1250.0
76,390,0.4960110821713316,175.0,3.0,500.0
77,750,0.1971591122557194,4399.0,3.0,40000.0
78,349,0.1633846803492993,47.0,0.0,500.0
79,632,0.1376281507682472,132.0,3.0,1500.0
80,790,0.3550735285048728,13210.0,4.0,60000.0
81,407,0.3816735824996365,149.0,0.0,500.0
82,770,0.4402594469411101,22388.0,4.0,60000.0
83,558,0.7154786959739753,738.0,2.0,1250.0
84,733,0.525566630513701,16663.0,1.0,
85,664,0.2096296360665049,3559.0,3.0,20000.0
86,512,0.1952975819399564,155.0,1.0,1000.0
87,695,0.617856682356921,8519.0,3.0,20000.0
88,789,0.1119616606011928,3928.0,4.0,60000.0
89,791,0.6887251582013245,32441.0,1.0,60000.0
90,418,0.3981633046584625,101.0,4.0,500.0
91,465,0.899648367005444,506.0,4.0,750.0
92,311,0.5617018163744624,215.0,4.0,500.0
93,711,0.7921272845394307,24788.0,1.0,40000.0
94,737,0.7399476920545486,137058.0,2.0,40000.0
95,406,0.3892000933117997,165.0,0.0,500.0
96,542,0.6813561458435287,562.0,0.0,1000.0
97,758,0.8508083403187588,37954.0,4.0,60000.0
98,492,0.3307684928237774,166.0,3.0,750.0
99,472,0.3063933604035936,167.0,4.0,750.0
100,783,0.2554563935367458,12135.0,0.0,60000.0
101,774,0.8182065052380664,28936.0,3.0,60000.0
102,535,0.2085478023015251,147.0,0.0,1000.0
103,780,0.4240942146047718,17751.0,4.0,60000.0
104,792,0.4666279663460676,21866.0,0.0,60000.0
105,633,0.4956689405725182,427.0,3.0,1500.0
106,553,0.8170038338124413,678.0,1.0,1250.0
107,756,0.3345247598097443,13432.0,1.0,60000.0
108,500,0.776229766157609,448.0,2.0,
109,755,0.5445358853346636,26511.0,3.0,60000.0
110,724,0.8024137644157899,16454.0,0.0,40000.0
111,750,0.3711129661146783,9350.0,2.0,40000.0
112,444,0.2854206829610028,124.0,0.0,500.0
113,765,0.3023220127405315,10851.0,2.0,60000.0
114,578,0.2541254777157594,188.0,3.0,1250.0
115,619,0.1289096378435649,151.0,1.0,
116,315,0.2984353200516132,107.0,1.0,500.0
117,372,0.60442696001061,252.0,4.0,500.0
118,767,0.5571838707737261,28154.0,0.0,60000.0
119,556,0.1640546559668846,113.0,2.0,1250.0
120,741,0.4439822279096344,12466.0,3.0,40000.0
121,601,0.8357295784763116,1062.0,4.0,1500.0
122,777,0.2607055741259584,8342.0,3.0,60000.0
123,775,0.2183658427709141,7121.0,3.0,60000.0
124,736,0.2082662878035677,6535.0,0.0,40000.0
125,585,0.768234969878147,741.0,1.0,1250.0
126,320,0.4963164735766177,192.0,4.0,500.0
127,522,0.2876781917858517,204.0,4.0,
128,452,0.7713913930538839,335.0,0.0,750.0
129,302,0.6172423169577389,221.0,4.0,500.0
130,493,0.8746318723682619,438.0,0.0,750.0
131,323,0.3771635958785054,137.0,3.0,500.0
132,340,0.4032580125884097,128.0,3.0,500.0
133,470,0.1155344517054526,57.0,0.0,750.0
134,328,0.2148257011782521,90.0,3.0,500.0
135,594,0.1302227380487172,95.0,2.0,1250.0
136,643,0.3286935296692564,375.0,4.0,1500.0
137,589,0.5263924193529265,503.0,4.0,1250.0
138,778,0.1875984172484646,10127.0,4.0,60000.0
139,504,0.356472080671688,289.0,3.0,1000.0
140,766,0.4821091083841456,19392.0,1.0,60000.0
141,520,0.2106815397830947,145.0,3.0,
142,323,0.4410347125378254,163.0,2.0,500.0
143,311,0.6222517463063062,178.0,4.0,500.0
144,618,0.7510411072651847,783.0,3.0,1500.0
145,728,0.2339568271738834,5416.0,4.0,40000.0
146,593,0.7379788746419462,473.0,0.0,1250.0
147,655,0.6491709315524445,8501.0,1.0,20000.0
148,592,0.8371605985617644,690.0,1.0,1250.0
149,760,0.2140810655687722,10153.0,0.0,60000.0
150,575,0.3065240459789381,278.0,0.0,1250.0
151,320,0.3247226353373287,142.0,2.0,500.0
152,726,0.1325796428883518,3518.0,1.0,40000.0
153,681,0.1476122310793183,2129.0,3.0,20000.0
154,347,0.7719105693421595,260.0,4.0,500.0
155,713,0.667237877989016,21325.0,0.0,40000.0
156,448,0.8530861184434876,378.0,4.0,500.0
157,771,0.3188861054388935,14636.0,0.0,60000.0
158,759,0.8615498319770927,45736.0,3.0,60000.0
159,551,0.1597124063278723,175.0,0.0,1250.0
160,709,0.7597945076607004,18244.0,0.0,
161,771,0.7251294569180864,27341.0,1.0,60000.0
162,766,0.4412061293059008,15052.0,1.0,60000.0
163,504,0.8674393242297667,653.0,2.0,1000.0
164,556,0.4468684999659223,454.0,0.0,1250.0
165,503,0.7052349510420212,373.0,4.0,1000.0
166,555,0.7263144997288351,666.0,2.0,1250.0
167,778,0.2761828722464861,13651.0,1.0,60000.0
168,737,0.4897970780574584,12421.0,2.0,
169,798,0.8892624046473128,26890.0,3.0,60000.0
170,460,0.2080090570725287,133.0,3.0,750.0
171,767,0.3821495131680462,15517.0,0.0,60000.0
172,771,0.349530310339208,17139.0,4.0,60000.0
173,770,0.1561568113913616,4958.0,3.0,60000.0
174,434,0.2658270518271689,111.0,4.0,500.0
175,550,0.7049686955844463,516.0,0.0,1000.0
176,754,0.4539981971011264,23778.0,1.0,60000.0
177,717,0.8364368151001197,18794.0,3.0,40000.0
178,743,0.1093974463817296,2898.0,3.0,40000.0
179,469,0.5249272719901411,326.0,4.0,750.0
180,786,0.6500440740884769,27468.0,1.0,60000.0
181,752,0.6950245998979292,36093.0,3.0,60000.0
182,725,0.2940498365973874,9209.0,0.0,40000.0
183,696,0.3304993465171171,3350.0,0.0,20000.0
184,479,0.711052063093804,304.0,3.0,750.0
185,741,0.4657761775873871,12981.0,4.0,40000.0
186,502,0.8549066141208149,710.0,2.0,1000.0
187,550,0.8790766913539664,615.0,3.0,1000.0
188,483,0.5417149718795766,317.0,2.0,750.0
189,637,0.1631388607671312,206.0,4.0,1500.0
190,550,0.6659240826938936,448.0,0.0,1000.0
191,794,0.3407001927352336,16522.0,0.0,
192,557,0.2825962412747154,218.0,0.0,1250.0
193,534,0.7879367738087318,450.0,0.0,1000.0
194,332,0.2430926457258873,82.0,4.0,500.0
195,577,0.1391730430648197,156.0,1.0,1250.0
196,548,0.5837159269981729,432.0,3.0,1000.0
197,516,0.215086713803599,146.0,0.0,1000.0
198,430,0.1460976907620108,42.0,4.0,500.0
199,301,0.1089095691546647,37.0,2.0,500.0
200,419,0.4826585718157987,152.0,4.0,500.0
201,451,0.3196379392142405,159.0,4.0,750.0
202,561,0.6979719949037085,458.0,0.0,1250.0
203,732,0.1749497255708378,6107.0,1.0,40000.0
204,536,0.6632051638436172,566.0,2.0,1000.0
205,303,0.3643602585706896,187849.0,0.0,500.0
206,703,0.3856157834741641,13786.0,2.0,40000.0
207,771,0.1624777787336399,6595.0,3.0,
208,698,0.4055853696408856,5059.0,4.0,20000.0
209,637,0.6194529259327217,520.0,3.0,1500.0
210,358,0.2590168424446625,112.0,3.0,500.0
211,405,0.6332325888950284,160.0,2.0,500.0
212,337,0.6086997284284129,226.0,4.0,
213,786,0.2367614525596131,12543.0,1.0,60000.0
214,698,0.3532817996383866,6171.0,1.0,20000.0
215,721,0.6344231380180472,16308.0,3.0,40000.0
216,499,0.3180533674250396,164.0,1.0,750.0
217,302,0.8841416795436798,328.0,0.0,500.0
218,329,0.6703720941917564,243.0,0.0,500.0
219,641,0.1186657674206112,147.0,0.0,1500.0
220,531,0.538812038697725,467.0,4.0,1000.0
221,750,0.1915353948669708,6716.0,3.0,40000.0
222,434,0.6192895789035842,203.0,0.0,500.0
223,793,0.3090083226136669,11478.0,2.0,60000.0
224,741,0.1082205402251675,3784.0,4.0,40000.0
225,629,0.264933891063922,300.0,0.0,1500.0
226,657,0.2453722180910808,2581.0,3.0,20000.0
227,352,0.7096518491374455,237.0,3.0,500.0
228,359,0.144484233795936,62.0,1.0,500.0
229,771,0.148006775464316,5156.0,2.0,60000.0
230,449,0.8375047818399942,331.0,1.0,500.0
231,744,0.2516824220052294,5463.0,0.0,40000.0
232,390,0.863347338687818,235.0,4.0,500.0
233,771,0.4827344123602066,16494.0,2.0,60000.0
234,735,0.3717922867245654,12437.0,2.0,40000.0
235,767,0.8281546715021562,25627.0,2.0,60000.0
236,751,0.1504623354677161,5386.0,0.0,60000.0
237,611,0.5881288558317258,770.0,0.0,1500.0
238,771,0.722431266246893,36090.0,0.0,60000.0
239,533,0.414470370983154,247.0,2.0,1000.0
240,338,0.5781160494940761,170.0,0.0,500.0
241,366,0.8937139360224644,312.0,2.0,500.0
242,581,0.7844355643213484,527.0,3.0,1250.0
243,658,0.8426856942239214,8563.0,3.0,20000.0
244,574,0.8273194504715587,772.0,0.0,1250.0
245,423,0.4474557119915254,192.0,4.0,500.0
246,430,0.7444347386356791,263.0,2.0,500.0
247,554,0.8720530153967497,596.0,2.0,1250.0
248,347,0.5260251424479007,149.0,2.0,500.0
249,694,0.8436265437466709,8577.0,1.0,20000.0
250,538,0.1071012840363273,83.0,1.0,1000.0
251,748,0.3241207193164342,10977.0,3.0,40000.0
252,761,0.5931404626057665,30264.0,2.0,60000.0
253,366,0.389115001193688,168.0,1.0,500.0
254,650,0.3330949490441059,327.0,4.0,1500.0
255,448,0.8178282180646631,300.0,0.0,500.0
256,552,0.136208153601533,117.0,2.0,1250.0
257,781,0.3792570777225267,16090.0,2.0,60000.0
258,728,0.3593515586764138,8754.0,4.0,40000.0
259,427,0.3394280028294388,136.0,4.0,
260,788,0.4729114682938713,20089.0,4.0,60000.0
261,732,0.4849567365967093,11141.0,1.0,40000.0
262,363,0.629760257298007,238.0,0.0,500.0
263,775,0.6321889347391025,25957.0,0.0,60000.0
264,739,0.3088498133733818,6635.0,2.0,40000.0
265,444,0.4717188111982263,209.0,0.0,500.0
266,683,0.2188556600268058,3826.0,1.0,20000.0
267,480,0.4464080928409584,216.0,0.0,750.0
268,377,0.649441833942289,269.0,1.0,500.0
269,489,0.6647715385417539,314.0,2.0,750.0
270,496,0.8135198580055439,363.0,0.0,750.0
271,675,0.1325102805368616,1399.0,0.0,20000.0
272,703,0.4468862678550864,154568.0,1.0,40000.0
273,769,0.8877195854501084,30578.0,2.0,60000.0
274,692,0.5272472744151733,5283.0,2.0,20000.0
275,798,0.4919952853347243,19365.0,4.0,
276,764,0.501542588812122,23821.0,0.0,60000.0
277,781,0.4595445312232833,24618.0,1.0,
278,737,0.1698251518858232,4411.0,4.0,40000.0
279,741,0.3529317179292524,10846.0,1.0,
280,779,0.5599367334084252,28592.0,2.0,60000.0
281,332,0.6316012564533617,265.0,3.0,500.0
282,654,0.5800890816167545,9836.0,0.0,20000.0
283,638,0.5568906444532694,540.0,1.0,1500.0
284,465,0.8885915115520618,349.0,4.0,750.0
285,792,0.7392879942746814,37597.0,1.0,60000.0
286,415,0.887288037003882,326.0,4.0,500.0
287,323,0.300889212856508,88.0,4.0,500.0
288,490,0.6149119600111916,385.0,2.0,750.0
289,507,0.1991672806613473,161.0,2.0,1000.0
290,530,0.6842199190181171,611.0,2.0,1000.0
291,640,0.6854980731031979,671.0,2.0,1500.0
292,390,0.5496275049045453,225.0,1.0,500.0
293,731,0.592671575165805,15595.0,2.0,40000.0
294,742,0.7061139654462653,16680.0,3.0,40000.0
295,386,0.7378945380138844,262.0,0.0,500.0
296,520,0.1709438137793459,117.0,3.0,1000.0
297,309,0.545410344463861,226.0,4.0,500.0
298,529,0.3933894662527277,350.0,2.0,1000.0
299,734,0.573396309837727,18624.0,0.0,40000.0
300,769,0.1637386271442411,7349.0,4.0,60000.0
301,489,0.5754091088382552,357.0,3.0,750.0
302,722,0.6080757588869857,122402.0,4.0,
303,415,0.3838460400976168,107.0,0.0,500.0
304,356,0.4680794722725934,126.0,3.0,500.0
305,743,0.607687697824633,20485.0,0.0,40000.0
306,774,0.378937797229197,20297.0,2.0,60000.0
307,304,0.2545467775618074,74.0,4.0,
308,468,0.7865372744413565,303.0,3.0,750.0
309,641,0.2478558615858762,229.0,2.0,1500.0
310,787,0.6855914348985606,25473.0,0.0,60000.0
311,373,0.3272442920911214,88.0,2.0,500.0
312,741,0.2385821816185478,7367.0,1.0,40000.0
313,613,0.2965050962132369,257.0,0.0,1500.0
314,778,0.3547478302893768,12014.0,3.0,60000.0
315,568,0.4049877608274803,255.0,1.0,1250.0
316,377,0.2280654973583068,90.0,3.0,500.0
317,458,0.792363292086775,388.0,0.0,750.0
318,785,0.6198221288119222,26922.0,4.0,60000.0
319,629,0.5364546338744934,646.0,0.0,1500.0
320,750,0.1834616525985307,5404.0,0.0,40000.0
321,799,0.3025565386441434,15414.0,0.0,60000.0
322,440,0.8251186972169213,298.0,2.0,500.0
323,469,0.56541970388926,218.0,3.0,750.0
324,314,0.1605187239735435,53.0,1.0,500.0
325,449,0.1384519981706002,52.0,1.0,500.0
326,599,0.7919178606412185,501.0,0.0,
327,658,0.4880088908928289,8087.0,0.0,20000.0
328,742,0.3641000768977369,7360.0,2.0,40000.0
329,439,0.8584267159610799,379.0,2.0,500.0
330,735,0.6908347530521395,14679.0,2.0,40000.0
331,799,0.3634199383824196,208898.0,4.0,60000.0
332,786,0.3648781331509251,14375.0,1.0,60000.0
333,354,0.7956055860416799,358.0,1.0,500.0
334,603,0.8184636217394643,754.0,1.0,1500.0
335,582,0.6096579501536559,630.0,0.0,1250.0
336,758,0.6768264596096556,25089.0,3.0,60000.0
337,448,0.6562787611352431,197.0,4.0,500.0
338,529,0.6042799905276504,408.0,0.0,1000.0
339,796,0.3293058470648844,16844.0,4.0,60000.0
340,352,0.898806422167854,336.0,4.0,500.0
341,332,0.8536637459520275,222.0,0.0,500.0
342,625,0.6479717269631351,611.0,4.0,1500.0
343,733,0.6465806686392834,20948.0,2.0,
344,525,0.8726492393508036,624.0,1.0,1000.0
345,661,0.424752684157239,6547.0,2.0,20000.0
346,650,0.3685043072002487,332.0,3.0,1500.0
347,380,0.8553292888842333,257.0,1.0,500.0
348,710,0.5682222231801405,13569.0,4.0,40000.0
349,341,0.7597862761429441,239.0,2.0,500.0
350,611,0.415175425209511,462.0,4.0,1500.0
351,320,0.2850811954867497,150860.0,0.0,500.0
352,736,0.36787888336422,9916.0,2.0,
353,380,0.8261932277856493,222.0,3.0,500.0
354,410,0.4688045037728013,118.0,1.0,500.0
355,674,0.1914464975718105,3393.0,2.0,20000.0
356,626,0.2872896382725649,219.0,1.0,1500.0
357,531,0.5842311364689367,517.0,0.0,1000.0
358,679,0.1169087736357315,1410.0,0.0,20000.0
359,515,0.267187220073996,215.0,1.0,1000.0
360,721,0.2237260889073805,7677.0,0.0,40000.0
361,621,0.8499202208880833,711.0,3.0,1500.0
362,604,0.106862252602451,84.0,3.0,1500.0
363,348,0.2406030230703885,89.0,3.0,500.0
364,719,0.7154196893023909,21010.0,3.0,40000.0
365,682,0.500141814036778,6223.0,1.0,20000.0
366,614,0.5399397866842178,495.0,2.0,1500.0
367,635,0.8793428312717934,901.0,1.0,1500.0
368,422,0.5233828397856585,188.0,3.0,500.0
369,474,0.5170990324525532,297.0,4.0,750.0
370,730,0.5617883207485925,14569.0,4.0,40000.0
371,603,0.5081139814202764,670.0,2.0,1500.0
372,671,0.6505574031192112,7434.0,2.0,20000.0
373,739,0.7329845589667474,21279.0,0.0,40000.0
374,798,0.3992387773097245,15100.0,1.0,60000.0
375,500,0.6130229283938216,262.0,2.0,750.0
376,605,0.3335514439624137,437.0,1.0,1500.0
377,781,0.6882437520536531,27299.0,1.0,60000.0
378,789,0.263571218971207,9854.0,2.0,60000.0
379,562,0.4792043382702795,482.0,1.0,1250.0
380,767,0.8851628839755438,30971.0,3.0,60000.0
381,626,0.216894445751139,235.0,0.0,
382,636,0.6195936925565916,539.0,4.0,1500.0
383,799,0.699171801279683,23954.0,1.0,60000.0
384,514,0.6312315895052293,468.0,4.0,1000.0
385,666,0.7896899243727739,13470.0,4.0,20000.0
386,405,0.4729002677203365,182.0,1.0,500.0
387,556,0.6071176440408467,557.0,2.0,1250.0
388,760,0.5755296800298874,22770.0,3.0,60000.0
389,421,0.5341204182256056,179.0,3.0,500.0
390,754,0.6566348703153569,24274.0,3.0,60000.0
391,776,0.4467606289966589,22339.0,1.0,
392,475,0.6656009703102251,258.0,3.0,750.0
393,515,0.2259182194407206,116.0,2.0,1000.0
394,642,0.164953517653703,183.0,0.0,1500.0
395,403,0.3995263059852187,102.0,0.0,500.0
396,741,0.5038441222714929,15067.0,2.0,40000.0
397,742,0.7375424093837805,17245.0,1.0,40000.0
398,751,0.2411510576204968,10193.0,0.0,60000.0
399,326,0.7485689451522018,216.0,0.0,500.0
400,754,0.8842994875564537,32031.0,2.0,
401,420,0.3193897079116661,139.0,0.0,
402,788,0.4043481587549109,17027.0,3.0,60000.0
403,756,0.8626500233274963,29765.0,1.0,60000.0
404,536,0.2842294796831404,151.0,2.0,1000.0
405,340,0.5843730394112577,166.0,1.0,500.0
406,586,0.6040196476059554,393.0,4.0,1250.0
407,528,0.2922199355593617,213.0,2.0,1000.0
408,737,0.3549763090750947,7223.0,4.0,40000.0
409,439,0.2473916674081009,74.0,4.0,500.0
410,736,0.7125185666681277,21338.0,4.0,40000.0
411,559,0.6297910061300163,630.0,3.0,1250.0
412,559,0.8287658717857725,586.0,3.0,1250.0
413,637,0.4584513713680551,440.0,1.0,1500.0
414,694,0.2832175465914719,4828.0,2.0,20000.0
415,646,0.5032807849354367,533.0,3.0,
416,477,0.8845992295508143,383.0,0.0,750.0
417,493,0.6226242015900645,309.0,1.0,750.0
418,705,0.5918955929904898,14778.0,1.0,40000.0
419,788,0.1804594613637101,6658.0,1.0,60000.0
420,392,0.4264996074650642,190.0,2.0,500.0
421,730,0.1175842690081629,2812.0,3.0,40000.0
422,450,0.6700386002778039,265.0,1.0,500.0
423,423,0.8136563290835623,212.0,0.0,500.0
424,601,0.4144814170946861,343.0,2.0,1500.0
425,712,0.5696854384305998,18105.0,0.0,40000.0
426,366,0.8552669907117889,275.0,3.0,500.0
427,630,0.5273159682851423,680.0,0.0,1500.0
428,405,0.3671485121494526,95.0,4.0,500.0
429,742,0.3315481172043804,7831.0,1.0,40000.0
430,792,0.1240015515271916,4805.0,3.0,60000.0
431,610,0.7410625211057654,628.0,4.0,
432,464,0.8601533016171147,399.0,0.0,
433,426,0.8815314930603932,246.0,4.0,500.0
434,661,0.543834770357551,7439.0,1.0,20000.0
435,732,0.6646262405282999,15205.0,3.0,40000.0
436,487,0.153812936034705,73.0,2.0,750.0
437,528,0.8938895485113604,659.0,3.0,1000.0
438,508,0.7449922601641232,536.0,1.0,1000.0
439,356,0.1301753103186749,51.0,2.0,500.0
440,410,0.1824695222224937,81.0,0.0,
441,510,0.2170672306093325,163.0,4.0,1000.0
442,764,0.4743903238809641,18259.0,4.0,60000.0
443,614,0.7984458890568059,700.0,1.0,1500.0
444,725,0.3977748214850977,8535.0,0.0,40000.0
445,641,0.7803256424932062,983.0,4.0,1500.0
446,639,0.2263231448780751,188.0,1.0,1500.0
447,754,0.1783942838606828,206191.0,2.0,60000.0
448,651,0.8665826968320539,10687.0,3.0,20000.0
449,623,0.6222663198922745,558.0,0.0,1500.0
450,418,0.271416242000053,69.0,2.0,500.0
451,779,0.4872550122125789,17143.0,4.0,60000.0
452,527,0.1425315106960598,124.0,0.0,1000.0
453,706,0.4726993050064026,10093.0,0.0,40000.0
454,438,0.788486326499863,197.0,3.0,500.0
455,787,0.8537878049596669,36798.0,1.0,60000.0
456,441,0.6876963480740435,204.0,1.0,500.0
457,524,0.4688022144741542,322.0,4.0,1000.0
458,372,0.3356012456423464,127.0,4.0,500.0
459,798,0.1886486823026545,8695.0,3.0,60000.0
460,569,0.5365125407768193,372.0,1.0,1250.0
461,786,0.3454242491600279,16247.0,3.0,60000.0
462,460,0.3851211736200716,198.0,0.0,750.0
463,503,0.2133152390796863,169.0,2.0,1000.0
464,591,0.3980656951012234,262.0,4.0,1250.0
465,796,0.2147037874866306,6926.0,0.0,
466,711,0.6104344127025084,16643.0,1.0,40000.0
467,420,0.1580416376450436,48.0,3.0,500.0
468,354,0.8927404346384291,231.0,2.0,
469,751,0.1758590113130204,7013.0,0.0,60000.0
470,795,0.7764958516479438,33523.0,4.0,
471,765,0.2948778713107965,15453.0,0.0,60000.0
472,778,0.2627060847100038,12502.0,1.0,
473,437,0.4574607557542059,179.0,2.0,500.0
474,780,0.3492302408685646,18638.0,1.0,60000.0
475,602,0.8580117432832175,878.0,2.0,1500.0
476,625,0.5228273762597918,656.0,2.0,1500.0
477,793,0.3474200914842569,13651.0,3.0,60000.0
478,757,0.1607667714330248,6286.0,2.0,
479,780,0.4300327033294894,12914.0,1.0,60000.0
480,791,0.8865094125067644,39600.0,4.0,60000.0
481,444,0.8618900402875168,294.0,3.0,500.0
482,394,0.7854947036776058,266.0,1.0,500.0
483,591,0.7221668803155256,762.0,0.0,1250.0
484,708,0.2441533354605733,7599.0,0.0,40000.0
485,638,0.7040460024330135,606.0,0.0,1500.0
486,753,0.763511207975437,31085.0,0.0,60000.0
487,464,0.289107733659273,155.0,0.0,750.0
488,401,0.7975420785534871,317.0,2.0,500.0
489,743,0.1957172299399203,6660.0,4.0,40000.0
490,766,0.1946451381153147,9079.0,1.0,
491,302,0.6194657156934282,164.0,4.0,500.0
492,763,0.3191359853434735,12853.0,1.0,60000.0
493,360,0.4253607799083206,187.0,0.0,500.0
494,737,0.2216202635926645,7599.0,4.0,40000.0
495,343,0.7116865971669857,206.0,1.0,500.0
496,438,0.8553909300638568,300.0,3.0,500.0
497,601,0.2125047588739883,237.0,3.0,1500.0
498,344,0.6091951420914012,220.0,3.0,500.0
499,430,0.6591251305926683,192.0,3.0,500.0
500,330,0.4555969616790138,140.0,1.0,500.0
501,361,0.4957457849022266,182.0,2.0,500.0
502,748,0.7045072223544243,21831.0,2.0,40000.0
503,652,0.8088016023724225,9538.0,3.0,20000.0
504,343,0.2239392058096452,95.0,3.0,500.0
505,757,0.3524024807170088,14384.0,3.0,60000.0
506,722,0.7459458814488233,25243.0,3.0,
507,456,0.440590198764846,217.0,4.0,750.0
508,600,0.5033596393594978,482.0,0.0,1250.0
509,777,0.7834928685595279,38480.0,1.0,60000.0
510,771,0.6618068889709321,21757.0,3.0,60000.0
511,596,0.4225464251068759,435.0,1.0,1250.0
512,579,0.5930801432096425,596.0,2.0,1250.0
513,677,0.1674008274266465,2194.0,4.0,20000.0
514,722,0.6746161503003738,17719.0,0.0,40000.0
515,764,0.2927448285703882,14111.0,2.0,60000.0
516,555,0.3913432100864332,305.0,2.0,
517,308,,,,
517,308,0.1138603556799765,33.0,3.0,500.0
518,600,0.7374346624539321,494.0,2.0,1250.0
519,796,0.4241175965754541,19252.0,0.0,60000.0
520,439,0.8045897869513621,208.0,3.0,500.0
521,451,0.4835188276676363,230.0,1.0,750.0
522,423,0.7046781853058963,283.0,0.0,500.0
523,649,0.6595172955849311,616.0,0.0,1500.0
524,732,0.4785248004172426,12674.0,3.0,40000.0
525,550,0.8625085066787533,434.0,2.0,1000.0
526,713,0.1586345829320684,5259.0,2.0,40000.0
527,469,0.5459969927865824,221.0,4.0,750.0
528,357,0.1411617737496902,55.0,1.0,500.0
529,398,0.7059024245464507,299.0,3.0,500.0
530,733,0.3504058096831793,7913.0,4.0,40000.0
531,765,0.5676861073415618,22880.0,2.0,60000.0
532,323,0.3759029692833698,99.0,4.0,500.0
533,519,0.2312387291106506,195.0,3.0,1000.0
534,393,0.2468732253210613,86.0,2.0,500.0
535,479,0.8964302772330246,388.0,0.0,750.0
536,398,0.6176371672228677,197.0,1.0,500.0
537,765,0.2434933503829917,8491.0,4.0,60000.0
538,426,0.4105683033934523,139.0,0.0,500.0
539,775,0.5190544519162004,26482.0,4.0,60000.0
540,736,0.2039791118539172,5834.0,3.0,40000.0
541,498,0.843611965269396,371.0,1.0,750.0
542,608,0.7849429821852499,683.0,0.0,1500.0
543,735,0.5901401809458895,20581.0,3.0,40000.0
544,502,0.655503952440552,543.0,1.0,1000.0
545,764,0.3377689591471885,135112.0,2.0,60000.0
546,309,0.4844594217957606,145.0,1.0,500.0
547,397,0.6138596957219942,244.0,2.0,500.0
548,721,0.4831003825846242,10467.0,3.0,40000.0
549,744,0.8889934864946153,20671.0,2.0,40000.0
550,720,0.8793082803003939,18432.0,0.0,40000.0
551,749,0.5869582282338621,19891.0,1.0,40000.0
552,584,0.4914769795756252,537.0,1.0,1250.0
553,622,0.6692495361947725,837.0,4.0,1500.0
554,778,0.3512272306068253,11939.0,2.0,60000.0
555,673,0.4868547320669883,6370.0,3.0,20000.0
556,434,0.681202321488038,251.0,1.0,500.0
557,477,0.6085472257142048,239.0,4.0,750.0
558,439,0.5909684672693455,219.0,0.0,500.0
559,607,0.727126296122555,837.0,4.0,1500.0
560,382,0.4635622122606482,171.0,0.0,500.0
561,707,0.470293929120225,10141.0,2.0,40000.0
562,507,0.5926313363991295,409.0,4.0,
563,460,0.8274991417690541,321.0,2.0,750.0
564,631,0.3997633039289424,429.0,2.0,1500.0
565,436,0.1052578694525347,40.0,2.0,500.0
566,736,0.2340618276420108,7937.0,4.0,40000.0
567,410,0.7992351960775682,286.0,3.0,500.0
568,339,0.2671704047350721,113.0,2.0,500.0
569,344,,,,
569,344,0.1125994511440651,37.0,0.0,500.0
570,334,0.4062652212270644,102.0,3.0,500.0
571,787,0.7118910175353114,33700.0,4.0,60000.0
572,462,0.831825264036499,376.0,1.0,750.0
573,342,0.4203508391605005,132.0,2.0,500.0
574,324,0.6083146918975546,269.0,1.0,500.0
575,540,0.2557627224607427,159.0,3.0,1000.0
576,500,0.4661954955041342,307.0,4.0,750.0
577,489,0.4346992226567514,237.0,1.0,750.0
578,710,0.8249084436515831,19573.0,3.0,40000.0
579,400,0.7147433724668629,280.0,1.0,500.0
580,390,0.1503728424535285,63.0,0.0,500.0
581,482,0.4005956318595499,202.0,4.0,750.0
582,793,0.8645968030893136,29142.0,2.0,60000.0
583,727,0.500313618864915,13953.0,0.0,40000.0
584,337,0.7501620407888613,213.0,0.0,500.0
585,420,0.8926166468580011,258.0,2.0,500.0
586,748,0.8920654879518742,19831.0,1.0,40000.0
587,400,0.2460651574108882,82.0,4.0,500.0
588,351,0.387621386997406,140.0,0.0,500.0
589,765,0.4815118453348183,22164.0,0.0,60000.0
590,543,0.7468633493406086,637.0,3.0,1000.0
591,535,0.3312799243616572,231.0,1.0,1000.0
592,760,0.5839188129488114,30377.0,0.0,60000.0
593,792,0.1696237256316634,5238.0,4.0,60000.0
594,643,0.3602714796782944,336.0,0.0,1500.0
595,575,0.8763813789192241,910.0,4.0,1250.0
596,448,0.8274223673151692,282.0,4.0,500.0
597,799,0.2530496388207813,11800.0,0.0,60000.0
598,766,0.6385233841504304,31069.0,4.0,60000.0
599,756,0.105706121250892,5330.0,2.0,60000.0
600,738,0.2128135037259063,5921.0,4.0,40000.0
601,768,0.645029156330249,33997.0,0.0,60000.0
602,784,0.6537112314953644,21363.0,1.0,60000.0
603,563,0.5038045487840733,442.0,0.0,1250.0
604,343,0.5183339311538754,133.0,1.0,500.0
605,479,0.2967707036612769,192.0,3.0,750.0
606,734,,,,
606,734,0.1934183893278572,4392.0,1.0,40000.0
607,489,0.1576911679899465,69.0,2.0,750.0
608,724,0.7882900685534224,16699.0,3.0,40000.0
609,478,0.6102345505270448,403.0,4.0,750.0
610,799,0.8921793119725638,37822.0,0.0,60000.0
611,762,0.1953902422664963,8613.0,2.0,60000.0
612,558,0.3460336581562975,227.0,0.0,1250.0
613,470,0.3290446125436052,176.0,0.0,750.0
614,560,0.4564986065411403,432.0,0.0,1250.0
615,776,0.2789070649378172,14937.0,0.0,
616,518,0.8342076585183368,603.0,3.0,1000.0
617,550,0.469703792800657,359.0,0.0,1000.0
618,506,0.3649761472442056,302.0,4.0,1000.0
619,515,0.4985374494458842,315.0,2.0,1000.0
620,506,0.2785254537356788,184.0,3.0,1000.0
621,611,0.7873480314361692,598.0,3.0,1500.0
622,611,0.4229677196140488,345.0,4.0,1500.0
623,720,0.7666922764133272,17044.0,3.0,40000.0
624,321,0.332068000743015,128.0,2.0,500.0
625,619,0.3546581282918731,353.0,1.0,1500.0
626,646,0.4900921853927624,448.0,1.0,1500.0
627,627,0.5784362658012555,494.0,2.0,1500.0
628,702,0.2249414386076008,6678.0,1.0,40000.0
629,533,0.1591545867746117,87.0,2.0,1000.0
630,619,0.5987458534565332,716.0,1.0,1500.0
631,450,0.8712586749459331,288.0,0.0,500.0
632,584,0.4973545769091066,375.0,3.0,1250.0
633,735,0.7393531620928692,16176.0,1.0,40000.0
634,522,0.4270463254055291,320.0,2.0,1000.0
635,634,0.1370216757393316,153.0,2.0,1500.0
636,726,0.2791149735799235,9145.0,0.0,40000.0
637,420,0.3239840205097601,140063.0,4.0,500.0
638,791,0.8092629500994225,32058.0,2.0,60000.0
639,630,0.7513056972482707,949.0,0.0,1500.0
640,664,0.2253606790629999,3004.0,0.0,20000.0
641,459,0.4038664734464804,190.0,4.0,750.0
642,769,0.8121581369537674,26669.0,3.0,60000.0
643,721,0.3852207509954036,13213.0,4.0,40000.0
644,325,0.2431507704327011,86.0,1.0,500.0
645,734,0.8768327108297798,19568.0,3.0,40000.0
646,310,0.6942133121124143,233.0,1.0,500.0
647,498,0.6580867362081056,128818.0,3.0,750.0
648,405,0.2315986575652329,63.0,0.0,
649,306,0.3695087856571983,131.0,0.0,500.0
650,718,0.2331406018745551,7154.0,4.0,40000.0
651,504,0.2602177856994475,200.0,3.0,1000.0
652,411,0.2756443663931196,110.0,0.0,500.0
653,753,0.2026315675558453,10188.0,3.0,60000.0
654,610,0.1492486484596565,114.0,1.0,1500.0
655,469,0.7426299249147124,455.0,1.0,750.0
656,785,0.3871224901754865,14866.0,1.0,
657,605,0.2906456761366721,341.0,3.0,1500.0
658,419,0.6629591187625206,190.0,4.0,500.0
659,448,0.3162518018835307,95.0,3.0,500.0
660,685,0.3925774764956091,4828.0,3.0,20000.0
661,536,0.5555158333459211,470.0,0.0,1000.0
662,442,,,,
662,442,0.8560393493182457,266.0,2.0,500.0
663,478,0.1547538481673123,84.0,0.0,
664,553,0.3888494417302578,299.0,1.0,1250.0
665,388,0.11747069337644,43.0,3.0,500.0
666,552,0.6543033216463363,563.0,3.0,1250.0
667,609,0.3027099258733863,283.0,2.0,1500.0
668,764,0.553728107709791,20375.0,2.0,60000.0
669,788,0.3125788725249407,11737.0,4.0,60000.0
670,781,0.2410523243521674,11649.0,3.0,60000.0
671,534,0.52585197088889,424.0,2.0,1000.0
672,764,0.8666215441027734,29648.0,1.0,60000.0
673,535,0.6733121702685485,560.0,4.0,1000.0
674,774,0.8876161427071236,45409.0,3.0,60000.0
675,610,0.6636096968681463,715.0,4.0,1500.0
676,319,0.3244818279110815,102.0,0.0,500.0
677,300,0.785508958726502,341.0,1.0,
678,422,0.7153489352157546,264.0,3.0,500.0
679,352,0.1130355269685797,51.0,0.0,500.0
680,390,0.4275282780928408,152.0,0.0,500.0
681,377,0.3408430848860939,139.0,2.0,500.0
682,713,0.6448175655252572,20388.0,3.0,40000.0
683,566,0.4329607907532261,315.0,3.0,1250.0
684,713,0.3019921202140622,10538.0,2.0,40000.0
685,796,0.6625135948907416,24558.0,0.0,60000.0
686,571,0.7248062575136656,698.0,0.0,1250.0
687,736,0.7383818637884823,17882.0,3.0,
688,490,0.2909734328998272,116.0,1.0,750.0
689,373,0.1208013724236752,52.0,4.0,500.0
690,325,0.6863539932691272,213.0,2.0,500.0
691,788,0.477363626816683,15562.0,2.0,60000.0
692,769,0.2252477360104862,11578.0,2.0,60000.0
693,583,0.378168051705869,274.0,0.0,1250.0
694,378,0.1664780458219948,43.0,3.0,500.0
695,669,0.50678576120886,5071.0,3.0,20000.0
696,331,0.7696689821224323,204.0,4.0,500.0
697,541,0.4375761153568736,237.0,2.0,1000.0
698,618,0.6974408664227701,602.0,1.0,1500.0
699,775,0.3851000898738389,190717.0,2.0,60000.0
700,755,0.8443982692483071,27545.0,0.0,60000.0
701,613,0.2104854497614332,176.0,3.0,1500.0
702,769,0.8879190522391779,37308.0,4.0,
703,732,0.3602065434179646,9444.0,1.0,40000.0
704,591,0.8647061858256988,968.0,2.0,1250.0
705,533,0.2893530307379611,189.0,2.0,1000.0
706,429,0.2331696891399788,100.0,4.0,500.0
707,330,0.2577876691180354,98.0,1.0,500.0
708,769,0.7816616444495936,35430.0,1.0,60000.0
709,342,0.4669363389797013,132.0,3.0,500.0
710,735,0.3842333413839542,11366.0,0.0,40000.0
711,675,0.3713852180807316,4687.0,4.0,20000.0
712,760,0.2930148170415596,12366.0,2.0,60000.0
713,408,0.7992360200421791,276.0,1.0,500.0
714,721,0.4863178184188049,16899.0,3.0,40000.0
715,781,0.4079949731561203,14816.0,2.0,60000.0
716,774,0.21002167935189,8002.0,3.0,60000.0
717,602,0.1691309850196905,147.0,2.0,1500.0
718,481,0.1271467953073252,68.0,0.0,750.0
719,613,0.5625433018011691,494.0,0.0,1500.0
720,530,0.3209507032656664,266.0,1.0,1000.0
721,650,0.2822968005709753,346.0,4.0,1500.0
722,636,0.843923921760457,916.0,3.0,1500.0
723,645,0.8312061544582144,906.0,4.0,1500.0
724,465,0.6581731939214751,140008.0,3.0,750.0
725,579,0.5331950335134404,355.0,0.0,1250.0
726,737,0.1360478192096241,205404.0,4.0,
727,757,0.5647518709276036,28452.0,2.0,60000.0
728,708,0.5050887588244548,14914.0,4.0,40000.0
729,789,0.161840804842531,5497.0,4.0,60000.0
730,450,0.3465479322360052,87.0,3.0,500.0
731,626,0.7622445464384134,209901.0,2.0,1500.0
732,704,0.2562533232460742,5333.0,4.0,40000.0
733,361,0.6992921975948055,188.0,4.0,500.0
734,619,0.7857868054254062,704.0,2.0,1500.0
735,406,0.8978742393383656,313.0,4.0,500.0
736,483,0.6933493437252973,385.0,0.0,750.0
737,490,0.4120410191804216,192.0,2.0,750.0
738,522,0.1195223988644798,76.0,3.0,1000.0
739,641,0.367755107374366,341.0,0.0,1500.0
740,451,0.3126563357271303,161.0,4.0,750.0
741,583,0.8486836400233305,562.0,4.0,1250.0
742,716,0.4378955547304015,8910.0,1.0,40000.0
743,773,0.175080638292947,8034.0,1.0,60000.0
744,436,0.6605337709800223,284.0,2.0,500.0
745,799,0.7808799185929287,33767.0,2.0,60000.0
746,324,0.262522341223724,84.0,4.0,500.0
747,657,0.4921578324445137,5928.0,1.0,20000.0
748,643,0.3055872589644521,370.0,2.0,1500.0
749,541,0.8644741841631477,612.0,3.0,1000.0
750,778,0.7364900831787232,32638.0,2.0,60000.0
751,554,0.86285678690235,868.0,0.0,1250.0
752,649,0.2031075167349536,217.0,2.0,1500.0
753,736,0.191533917275959,5566.0,1.0,40000.0
754,559,0.7715038267259976,715.0,2.0,1250.0
755,545,0.8480275808944827,483.0,3.0,1000.0
756,798,0.1482762589275258,5576.0,2.0,60000.0
757,760,0.382914587807306,18483.0,3.0,60000.0
758,783,0.8012010613758902,28920.0,3.0,
759,463,0.1588536790775371,67.0,1.0,750.0
760,425,0.6448597907678801,229.0,0.0,500.0
761,410,0.7964650849256688,287.0,4.0,500.0
762,788,0.8535778911031348,40709.0,3.0,60000.0
763,522,0.7600931197118775,450.0,4.0,1000.0
764,370,0.8152992755295893,212.0,3.0,500.0
765,362,0.6794688723872273,296.0,4.0,500.0
766,748,0.2424712497182231,5563.0,3.0,40000.0
767,473,0.6117495985928508,195004.0,1.0,750.0
768,609,0.7857058498786353,984.0,1.0,1500.0
769,563,0.8655921901458954,898.0,3.0,
770,539,0.8609134924493208,725.0,2.0,1000.0
771,786,0.1037609261408381,5410.0,4.0,60000.0
772,419,0.5997323578151889,246.0,4.0,500.0
773,438,0.232878558818512,64.0,1.0,500.0
774,779,0.3184516534886989,16957.0,4.0,60000.0
775,371,0.2863057067780424,89.0,3.0,500.0
776,753,0.8256636977103233,26847.0,3.0,60000.0
777,781,0.506913166063374,18320.0,0.0,60000.0
778,510,0.2840963772154097,209.0,0.0,1000.0
779,769,0.5792391182809354,23409.0,1.0,60000.0
780,787,0.681977928110231,24711.0,1.0,
781,702,0.7631253237525232,16270.0,4.0,40000.0
782,620,0.893444220799794,897.0,0.0,1500.0
783,451,0.2230610025912301,145.0,4.0,750.0
784,616,0.1724685837165654,170.0,4.0,1500.0
785,599,0.5419167191807315,395.0,3.0,1250.0
786,443,0.4578966173419497,134.0,1.0,500.0
787,446,0.1448832973311312,62.0,2.0,500.0
788,723,0.3538669091720557,7450.0,0.0,40000.0
789,480,0.4782566594995074,302.0,0.0,750.0
790,770,0.3396715322068545,13965.0,1.0,60000.0
791,617,0.739043852838522,768.0,3.0,1500.0
792,574,0.3887966172474142,372.0,0.0,1250.0
793,727,0.7114673626086659,18462.0,4.0,40000.0
794,382,0.376694217943059,114.0,0.0,500.0
795,727,0.5277627788612761,18756.0,2.0,40000.0
796,604,0.5204201854479482,665.0,4.0,1500.0
797,606,0.6763116111755173,560.0,0.0,1500.0
798,725,0.7661997999083192,23055.0,2.0,40000.0
799,508,0.255638345308092,168.0,2.0,
800,482,0.7018552749147088,401.0,2.0,750.0
801,405,0.2279628869814237,92.0,3.0,500.0
802,504,0.6159414609438898,470.0,2.0,1000.0
803,616,0.2612711369549877,226.0,2.0,1500.0
804,473,0.7324662702367646,479.0,1.0,750.0
805,766,0.8807224641295561,39260.0,2.0,60000.0
806,617,0.4213082937310656,416.0,1.0,
807,742,0.4348365689009013,13743.0,2.0,40000.0
808,620,0.473504832853531,600.0,0.0,1500.0
809,519,0.6961778766945603,608.0,1.0,1000.0
810,729,0.1196988716575394,2813.0,2.0,40000.0
811,422,0.6409516916844051,236.0,4.0,500.0
812,795,0.46976976038972,16454.0,2.0,60000.0
813,610,0.1282196580148461,164.0,4.0,1500.0
814,314,0.3834222884195072,128.0,3.0,500.0
815,756,0.300530029051882,11878.0,1.0,60000.0
816,693,0.8334318233583752,9307.0,3.0,20000.0
817,760,0.537561540855313,26301.0,1.0,60000.0
818,447,0.5725320774396989,239.0,2.0,500.0
819,643,0.7405027700275186,862.0,0.0,1500.0
820,795,0.3671463891041497,18694.0,4.0,60000.0
821,426,0.5784250929650508,177.0,3.0,
822,799,0.849200459398024,34103.0,3.0,60000.0
823,729,0.2401168819295632,7494.0,1.0,40000.0
824,593,0.5671486799892957,403.0,3.0,1250.0
825,783,0.2226333065807219,11951.0,2.0,60000.0
826,727,0.435739626566391,14577.0,3.0,40000.0
827,716,0.3319406752906917,6753.0,1.0,40000.0
828,563,0.8092904068079511,863.0,2.0,1250.0
829,336,0.8213060853407965,213.0,0.0,500.0
830,668,0.3671631425085683,5075.0,2.0,20000.0
831,743,0.7610728745660627,18294.0,0.0,40000.0
832,416,0.5305812481472142,202.0,4.0,500.0
833,378,0.8087076252191036,244.0,0.0,500.0
834,774,0.380429804385121,13502.0,2.0,60000.0
835,588,0.1188920631879898,127.0,0.0,1250.0
836,687,0.5057971001839733,5585.0,0.0,20000.0
837,720,0.622021312336994,13943.0,2.0,40000.0
838,630,0.1468093966665836,154.0,1.0,1500.0
839,326,0.7539127058656434,281.0,2.0,500.0
840,585,0.6058782951519148,636.0,2.0,1250.0
841,420,0.4157947431710782,137.0,0.0,500.0
842,490,0.5553094698431743,249.0,1.0,
843,644,0.8960581781182698,1002.0,0.0,1500.0
844,348,0.2924719180143162,97.0,0.0,500.0
845,641,0.2910414469214762,386.0,4.0,1500.0
846,716,0.1630934149813405,5191.0,0.0,40000.0
847,400,0.2489149735840664,79.0,3.0,500.0
848,788,0.8178660958860484,28776.0,2.0,60000.0
849,499,0.7508890554532994,373.0,1.0,750.0
850,787,0.2935199478034176,11195.0,3.0,
851,372,0.3497812067381044,98.0,3.0,500.0
852,745,0.3868282364144744,8157.0,2.0,40000.0
853,497,0.8732688004518424,416.0,3.0,
854,799,0.4081742130980733,13117.0,2.0,60000.0
855,772,0.4153440267008459,14875.0,3.0,60000.0
856,547,0.5961511006484091,481.0,3.0,1000.0
857,761,0.2204827649644728,7075.0,4.0,60000.0
858,797,0.7262482049619022,25807.0,4.0,60000.0
859,770,0.2620477873212177,8252.0,0.0,60000.0
860,590,0.4738405346559301,487.0,2.0,1250.0
861,578,0.1689790437190196,159.0,2.0,1250.0
862,661,0.5538073031645879,9898.0,2.0,20000.0
863,792,0.3995550665510033,208406.0,3.0,60000.0
864,566,0.8537194522814389,673.0,0.0,1250.0
865,789,0.7573198080244589,24319.0,2.0,60000.0
866,529,0.1888515466750893,162.0,4.0,1000.0
867,773,0.1989272825247735,8240.0,0.0,60000.0
868,347,0.8724056804202042,248.0,1.0,500.0
869,779,0.8480311078774342,29733.0,0.0,60000.0
870,355,0.2156605857989429,93.0,4.0,500.0
871,537,0.5245052432005,373.0,1.0,1000.0
872,431,0.4485624657287337,163.0,0.0,500.0
873,305,0.2934320558885803,118.0,4.0,500.0
874,535,0.3124223852218378,188.0,3.0,1000.0
875,768,0.1460767832251022,5460.0,0.0,60000.0
876,722,0.7686007731414951,18593.0,4.0,40000.0
877,482,0.7435639392223917,344.0,2.0,750.0
878,766,0.8852325169800527,40647.0,3.0,60000.0
879,387,0.3992014177573194,148.0,2.0,500.0
880,784,0.2101340577567901,10363.0,3.0,60000.0
881,743,0.3729938749468535,10907.0,4.0,40000.0
882,796,0.50737732515711,15356.0,0.0,60000.0
883,591,0.4966970274941951,501.0,0.0,1250.0
884,598,0.7220504987708286,602.0,4.0,1250.0
885,767,0.5213458131686702,27282.0,4.0,60000.0
886,628,0.3691581306663463,474.0,0.0,1500.0
887,489,0.2543887907488507,151.0,0.0,750.0
888,750,0.2437793298296181,5496.0,1.0,40000.0
889,576,0.4616318786063444,302.0,4.0,1250.0
890,727,0.1248204915666261,3000.0,2.0,40000.0
891,781,0.4664826397624002,16611.0,2.0,60000.0
892,744,0.6296539624740316,14794.0,0.0,40000.0
893,783,0.4163643410783509,18584.0,2.0,60000.0
894,680,0.8167640524185485,10301.0,2.0,20000.0
895,739,0.291783595340666,7430.0,1.0,40000.0
896,354,0.7698019760442157,221.0,0.0,500.0
897,775,0.5635575891362657,29416.0,1.0,60000.0
898,733,0.4000853086875752,13809.0,4.0,40000.0
899,775,0.4872898082740775,21548.0,0.0,
900,374,0.6103039506932033,255.0,0.0,500.0
901,621,0.2274157231269537,301.0,2.0,1500.0
902,759,0.6566314615508013,29202.0,0.0,60000.0
903,479,0.56387626321602,238.0,1.0,750.0
904,742,0.6631047579820526,19788.0,3.0,40000.0
905,503,0.6975593421445863,549.0,0.0,1000.0
906,475,0.3838057764843405,194.0,2.0,750.0
907,738,0.1146457895258048,3026.0,4.0,40000.0
908,379,0.3672825968135859,159.0,3.0,500.0
909,479,0.48755489573176,320.0,3.0,
910,341,0.2808752387073363,77.0,3.0,500.0
911,695,0.8678395553989127,12842.0,1.0,20000.0
912,499,0.6040185683142756,279.0,1.0,750.0
913,747,0.2121746188812614,4371.0,4.0,40000.0
914,307,0.7424861893890237,216.0,3.0,500.0
915,506,0.6948107198008479,540.0,4.0,1000.0
916,649,0.2723169967227916,276.0,2.0,1500.0
917,365,0.3484872930991546,91.0,2.0,500.0
918,547,0.4038411966824783,255.0,3.0,1000.0
919,506,0.655158046702467,570.0,1.0,1000.0
920,764,0.4561227165954605,14609.0,0.0,60000.0
921,434,0.3846428760066733,149.0,0.0,500.0
922,724,0.3853653796628701,13141.0,2.0,40000.0
923,661,0.1622484555264129,2825.0,3.0,20000.0
924,600,0.5096487415803707,551.0,0.0,1250.0
925,731,0.6467792035675333,12978.0,1.0,40000.0
926,311,0.690999125966996,178.0,4.0,500.0
927,406,0.6023104585770738,179.0,1.0,500.0
928,311,0.8322441346396979,316.0,2.0,
929,740,0.235955912999329,6731.0,4.0,40000.0
930,711,0.1221894650076754,3580.0,4.0,40000.0
931,528,0.2202163164231489,128.0,3.0,1000.0
932,750,0.8010950220955326,18961.0,1.0,40000.0
933,522,0.8438978422073625,716.0,0.0,1000.0
934,433,0.5076405246604974,151.0,4.0,500.0
935,631,0.4718838117796669,388.0,4.0,1500.0
936,402,0.3066383024917346,87.0,3.0,500.0
937,706,0.6172109675550267,13462.0,1.0,40000.0
938,353,0.802459185002041,315.0,3.0,500.0
939,380,0.843221692166606,214.0,0.0,500.0
940,716,0.6147518868422747,21459.0,3.0,40000.0
941,460,0.8560623578536237,442.0,1.0,750.0
942,591,0.6292464099375252,685.0,2.0,1250.0
943,491,0.4078060979567047,210.0,4.0,750.0
944,515,0.3631150723152174,278.0,1.0,1000.0
945,526,0.2727344700845536,227.0,1.0,
946,786,0.4472594059195202,16693.0,2.0,60000.0
947,785,0.6305696713158755,31107.0,1.0,60000.0
948,573,0.8117445013965294,782.0,3.0,1250.0
949,776,0.3009945223394169,15623.0,4.0,60000.0
950,414,0.5418036445299856,146.0,1.0,500.0
951,513,0.175914389825284,131.0,3.0,
952,409,0.1785454788039234,63.0,2.0,500.0
953,736,0.6834226750825632,21176.0,0.0,40000.0
954,783,0.8674214780495538,46451.0,0.0,
955,699,0.2070993201801241,2172.0,1.0,20000.0
956,518,0.5512618828801532,452.0,0.0,1000.0
957,580,0.7498256819965523,487.0,0.0,1250.0
958,554,0.1623927519138683,164.0,3.0,1250.0
959,628,0.3906706671073764,419.0,4.0,1500.0
960,353,0.5504152381366484,190.0,4.0,500.0
961,322,0.2550530186114106,77.0,0.0,500.0
962,763,0.3632854830791711,12911.0,3.0,60000.0
963,465,0.6977811104561711,442.0,1.0,750.0
964,526,0.2947504836320601,182.0,1.0,1000.0
965,759,0.1327695163786107,5744.0,3.0,60000.0
966,720,0.2037417877052346,6159.0,4.0,40000.0
967,739,0.8454735970723565,23929.0,4.0,40000.0
968,794,0.2269713172968316,9222.0,2.0,60000.0
969,784,0.6493244906994684,27295.0,3.0,60000.0
970,756,0.1719017588292611,6711.0,0.0,60000.0
971,340,0.6348543548925747,208.0,4.0,500.0
972,631,0.7825420950721663,641.0,1.0,1500.0
973,463,0.8939411512025125,363.0,2.0,750.0
974,515,0.1469263114463722,91.0,3.0,1000.0
975,587,0.4579047130657588,345.0,2.0,1250.0
976,588,0.5685771399163496,446.0,1.0,1250.0
977,662,0.7000435508477171,10600.0,3.0,20000.0
978,371,0.4353065138452838,183.0,2.0,500.0
979,332,0.1508146164817785,65.0,1.0,500.0
980,794,0.1841021985396132,9892.0,1.0,60000.0
981,327,0.37720227073931,108.0,3.0,500.0
982,602,0.6302046687114946,741.0,0.0,1500.0
983,459,0.2081572920669801,107.0,4.0,750.0
984,485,0.6334099130312772,330.0,1.0,750.0
985,770,0.6280877310216764,33405.0,2.0,60000.0
986,425,0.1784703954973465,56.0,4.0,500.0
987,511,0.6742912564862065,442.0,3.0,1000.0
988,739,0.4358907082693803,9283.0,4.0,40000.0
989,497,0.7626462729108495,295.0,4.0,750.0
990,772,0.2599582248927017,11937.0,2.0,60000.0
991,709,0.7184843532063699,15473.0,4.0,40000.0
992,555,0.8017812875213425,545.0,3.0,1250.0
993,782,0.4771704209823076,20305.0,2.0,60000.0
994,602,0.6059312774975443,796.0,3.0,1500.0
995,360,0.5943447088099294,242.0,0.0,500.0
996,564,0.7029634867902346,688.0,2.0,1250.0
997,774,0.46546155258386,17139.0,0.0,60000.0
998,529,0.5858558039520287,386.0,3.0,1000.0
999,725,0.2496704714032788,6973.0,2.0,40000.0
1000,775,0.696049833560208,33956.0,1.0,60000.0
